id,thread_id,from_addr,to_addr,cc_addr,subject,snippet,body,date,internal_date,size_estimate,labels,is_unread,is_starred
msg-1001,thr-1001,ivan.peric@adriaticuni.hr,catherine.ibarra@gmail.com,,EOY budget — CTD purchase opportunity,Catherine — found a great deal on a CTD we should move on before the budget closes...,"Catherine,

Good news — I found a closeout deal from Oceanographic Supplies on a Sea-Bird Scientific SBE 19plus V2 CTD, item SBE-19P-V2-001. €2,400 including shipping, and they have one in stock. This is the upgraded model with the new dissolved oxygen sensor — would be a significant capability upgrade for the department.

The EOY budget window closes November 15. If we move now I can route it through the department equipment fund. Let me know if you want me to proceed.

Best,
Ivan",
2026-10-06T10:30:00Z,1792542600000,312,INBOX,true,true
msg-1002,thr-1002,ante.mandic@dalmatianmaritime.hr,catherine.ibarra@gmail.com,,Gajeta mast section — revised estimate,Catherine — update on the mast section for your father's gajeta...,"Catherine,

I wanted to let you know the estimate on the mast section has changed since we spoke in the spring. The price of seasoned oak has gone up considerably — my supplier increased rates in August. The revised figure is €950 for the replacement mast section, including shaping and delivery to Split.

I can hold the original €800 estimate through the end of October if you want to lock in at the old price, but after that I'll have to go to the new rate.

Best,
Ante Mandić
Dalmatian Maritime Supply, Kaštela",
2026-10-05T14:15:00Z,1792448100000,287,INBOX,true,false
msg-1003,thr-1003,apoteka@ljekarna-split.hr,catherine.ibarra@gmail.com,,Rosa Ibarra — prescription refill notice,This is an automated reminder that Rosa Ibarra's medications are due for refill...,"LJEKARNA SPLIT — Automated Refill Notice

Patient: Rosa Ibarra (DOB: ****)
Medication: Bisoprolol 5mg, Atorvastatin 20mg
Last filled: 2026-09-10
Supply: 30 days
Status: Due for refill — last pickup was 27 days ago

Please visit or confirm if a new prescription is needed. Standard refills can be processed at the counter.

Ljekarna Split
Trgovačka 12, Split",
2026-10-07T08:00:00Z,1792526400000,198,INBOX,true,false
msg-1004,thr-1004,editorial@mar-ecol-progress-letters.com,catherine.ibarra@gmail.com,,Invitation to review — MS #2026-0481,We are writing to invite you to review manuscript #2026-0481 for Marine Ecology Progress Letters...,"Dear Dr. Ibarra,

We are writing to invite you to review manuscript #2026-0481, ""Temporal dynamics of Posidonia oceanica flowering events in the western Mediterranean,"" for Marine Ecology Progress Letters.

We value your expertise in seagrass ecology and would be grateful if you could provide a review within 21 days. Please let us know if you are available.

Sincerely,
Dr. Helena Schmidt
Associate Editor, Marine Ecology Progress Letters",
2026-10-04T09:00:00Z,1792270800000,245,INBOX,true,false
msg-1005,thr-1005,registration@medsymposium2026.org,catherine.ibarra@gmail.com,,Early-bird registration closing — Mediterranean Marine Symposium 2026,Early-bird rates for the Mediterranean Marine Symposium close October 20...,"Dear Colleague,

Early-bird registration for the Mediterranean Marine Symposium 2026 closes October 20. Current rate: €420 (regular €520).

The full programme is now live — keynote sessions, workshops, and networking events across four days in Barcelona.

We look forward to seeing you there.

Best,
MMS 2026 Secretariat",
2026-10-03T12:00:00Z,1792166400000,201,INBOX,true,false
msg-1006,thr-1006,no-reply@ec.europa.eu,catherine.ibarra@gmail.com,,Horizon Europe — quarterly newsletter,Your quarterly Horizon Europe programme update...,"HORIZON EUROPE — QUARTERLY UPDATE

• Upcoming calls in Cluster 6 (Food, Bioeconomy, Natural Resources)
• Reminder: timesheet certification for ongoing projects
• New FAQ document for grant reporting published

View full newsletter on the EU Funding Portal.",
2026-10-02T15:00:00Z,1792076400000,176,INBOX,false,false
msg-1007,thr-1007,tomo.babic.phd@gmail.com,catherine.ibarra@gmail.com,,Kornati — data sheets from today,Attaching the completed data sheets from today's transects...,"Hi Catherine,

Attaching the data sheets from today's transects at Site K-07 and K-08. All within expected parameters — shoot density slightly higher than last year at K-07. Water temp 19.2°C, visibility 14m.

See you back on the boat for dinner.

Tomo",
2026-10-07T17:30:00Z,1792589400000,164,INBOX,true,false
msg-1008,thr-1008,marko.vidovic.sail@gmail.com,catherine.ibarra@gmail.com,,Saturday dinner?,You back from Kornati by Saturday?...,"Catherine,

You back from the survey by Saturday? El Faro has fresh orada. Let me know.

Marko",
2026-10-05T19:00:00Z,1792479600000,78,INBOX,false,false
msg-1009,thr-1009,isabella.romero.zagreb@gmail.com,catherine.ibarra@gmail.com,,November visit — Felipe news,Felipe got an A on his marine biology project...,"Catherine!

Felipe got an A on his marine biology project — he did it on Posidonia because of you. He's already asking when we can visit the tide pools again.

November 14 still works for our weekend. Let me know if you need me to pick anything up in Zagreb.

Love,
Isabella",
2026-10-04T20:00:00Z,1792339200000,156,INBOX,false,false
